variant,round,run,cycles,inst,l1i_refill,l1d_refill,br_mispred,taken,acc
compiler,1,1,9246939,17481146,33740,0,8477,1163214,0xce57eab7
compiler,1,2,9247597,17481146,33784,0,8485,1163214,0xce57eab7
counter_bolt,1,1,9251223,17482646,34710,0,8515,1166215,0xce57eab7
counter_bolt,1,2,9248811,17482646,34376,0,8416,1166216,0xce57eab7
compiler,2,1,9247400,17481146,33834,0,8480,1163214,0xce57eab7
compiler,2,2,9247394,17481146,33816,0,8468,1163214,0xce57eab7
counter_bolt,2,1,9252294,17482646,34777,0,8561,1166215,0xce57eab7
counter_bolt,2,2,9251636,17482646,34651,0,8532,1166216,0xce57eab7
compiler,3,1,9247328,17481146,33795,0,8477,1163214,0xce57eab7
compiler,3,2,9247421,17481146,33804,0,8492,1163215,0xce57eab7
counter_bolt,3,1,9251438,17482646,34716,0,8511,1166215,0xce57eab7
counter_bolt,3,2,9251375,17482646,34673,0,8524,1166215,0xce57eab7
