image,round,run,metric,cycles
input,1,1,pl_a,25320495
input,1,1,pl_b,32942511
input,1,1,pl_c,22314182
input,1,1,pl_d,14094091
input,1,1,switch,13003611
input,1,2,pl_a,25320499
input,1,2,pl_b,32941809
input,1,2,pl_c,22314159
input,1,2,pl_d,14060084
input,1,2,switch,13003485
r28_fixed,1,1,pl_a,25320495
r28_fixed,1,1,pl_b,31268574
r28_fixed,1,1,pl_c,22314182
r28_fixed,1,1,pl_d,14064889
r28_fixed,1,1,switch,12003399
r28_fixed,1,2,pl_a,25320499
r28_fixed,1,2,pl_b,31267968
r28_fixed,1,2,pl_c,22314162
r28_fixed,1,2,pl_d,14068878
r28_fixed,1,2,switch,12003299
r28_fixed,2,1,pl_a,25320495
r28_fixed,2,1,pl_b,31268574
r28_fixed,2,1,pl_c,22314182
r28_fixed,2,1,pl_d,14069771
r28_fixed,2,1,switch,12003422
r28_fixed,2,2,pl_a,25320499
r28_fixed,2,2,pl_b,31267968
r28_fixed,2,2,pl_c,22314162
r28_fixed,2,2,pl_d,14068880
r28_fixed,2,2,switch,12003393
input,2,1,pl_a,25320495
input,2,1,pl_b,32942512
input,2,1,pl_c,22314182
input,2,1,pl_d,14106680
input,2,1,switch,13003496
input,2,2,pl_a,25320499
input,2,2,pl_b,32941809
input,2,2,pl_c,22314159
input,2,2,pl_d,14057153
input,2,2,switch,13003503
