variant,round,kernel,run,cycles,inst,l1i_refill,l1d_refill,br_mispred,acc
baseline,1,pl_a,1,25680496,25860047,0,0,2,0x5bc4c922
baseline,1,pl_a,2,25680496,25860047,0,0,2,0x5bc4c922
baseline,1,pl_b,1,30512954,44365285,0,0,292998,0x3438b9f6
baseline,1,pl_b,2,30512176,44365285,0,0,292970,0x3438b9f6
baseline,1,pl_c,1,18818174,46500866,0,0,23,0xc1b92467
baseline,1,pl_c,2,18817266,46500866,0,0,22,0xc1b92467
baseline,1,pl_d,1,14145057,15625086,0,0,66514,0xdc085452
baseline,1,pl_d,2,14142106,15625086,0,0,66409,0xdc085452
pgo,1,pl_a,1,24960490,24300063,0,0,1,0x5bc4c922
pgo,1,pl_a,2,24960495,24300063,0,0,1,0x5bc4c922
pgo,1,pl_b,1,19184187,37464905,0,0,175893,0x3438b9f6
pgo,1,pl_b,2,19174431,37464905,0,0,175789,0x3438b9f6
pgo,1,pl_c,1,18754240,49500847,0,0,23,0xc1b92467
pgo,1,pl_c,2,18753239,49500847,0,0,22,0xc1b92467
pgo,1,pl_d,1,14115822,15625086,0,0,67502,0xdc085452
pgo,1,pl_d,2,14125526,15625086,0,0,68364,0xdc085452
pgo_thinlto,1,pl_a,1,24960494,24240065,0,0,1,0x5bc4c922
pgo_thinlto,1,pl_a,2,24960496,24240065,0,0,1,0x5bc4c922
pgo_thinlto,1,pl_b,1,19332565,37464905,0,0,179794,0x3438b9f6
pgo_thinlto,1,pl_b,2,19344299,37464905,0,0,179692,0x3438b9f6
pgo_thinlto,1,pl_c,1,18754239,49500847,0,0,23,0xc1b92467
pgo_thinlto,1,pl_c,2,18753238,49500847,0,0,22,0xc1b92467
pgo_thinlto,1,pl_d,1,14114750,15625086,0,0,68468,0xdc085452
pgo_thinlto,1,pl_d,2,14143069,15625086,0,0,71289,0xdc085452
bolt_noreorder,1,pl_a,1,24960494,24240065,0,0,1,0x5bc4c922
bolt_noreorder,1,pl_a,2,24960496,24240065,0,0,1,0x5bc4c922
bolt_noreorder,1,pl_b,1,19301301,37464905,0,0,177841,0x3438b9f6
bolt_noreorder,1,pl_b,2,19293495,37464905,0,0,177738,0x3438b9f6
bolt_noreorder,1,pl_c,1,18754239,49500847,0,0,23,0xc1b92467
bolt_noreorder,1,pl_c,2,18753238,49500847,0,0,22,0xc1b92467
bolt_noreorder,1,pl_d,1,14104085,15625086,0,0,67500,0xdc085452
bolt_noreorder,1,pl_d,2,14132322,15625086,0,0,70312,0xdc085452
bolt,1,pl_a,1,24960493,24240065,0,0,1,0x5bc4c922
bolt,1,pl_a,2,24960496,24240065,0,0,1,0x5bc4c922
bolt,1,pl_b,1,19332714,37464905,0,0,179800,0x3438b9f6
bolt,1,pl_b,2,19293495,37464905,0,0,177738,0x3438b9f6
bolt,1,pl_c,1,18754239,49500847,0,0,23,0xc1b92467
bolt,1,pl_c,2,18753238,49500847,0,0,22,0xc1b92467
bolt,1,pl_d,1,14105939,15625086,0,0,67488,0xdc085452
bolt,1,pl_d,2,14121588,15625086,0,0,69336,0xdc085452
baseline,2,pl_a,1,25680496,25860047,0,0,2,0x5bc4c922
baseline,2,pl_a,2,25680496,25860047,0,0,2,0x5bc4c922
baseline,2,pl_b,1,30512954,44365285,0,0,292998,0x3438b9f6
baseline,2,pl_b,2,30512176,44365285,0,0,292970,0x3438b9f6
baseline,2,pl_c,1,18819254,46500866,0,0,23,0xc1b92467
baseline,2,pl_c,2,18819275,46500866,0,0,22,0xc1b92467
baseline,2,pl_d,1,14144908,15625086,0,0,66501,0xdc085452
baseline,2,pl_d,2,14149914,15625086,0,0,67385,0xdc085452
pgo,2,pl_a,1,24960490,24300063,0,0,1,0x5bc4c922
pgo,2,pl_a,2,24960495,24300063,0,0,1,0x5bc4c922
pgo,2,pl_b,1,19236784,37464905,0,0,177841,0x3438b9f6
pgo,2,pl_b,2,19227162,37464905,0,0,177742,0x3438b9f6
pgo,2,pl_c,1,18754240,49500847,0,0,23,0xc1b92467
pgo,2,pl_c,2,18753239,49500847,0,0,22,0xc1b92467
pgo,2,pl_d,1,14168295,15625086,0,0,73332,0xdc085452
pgo,2,pl_d,2,14171394,15625086,0,0,73244,0xdc085452
pgo_thinlto,2,pl_a,1,24960494,24240065,0,0,1,0x5bc4c922
pgo_thinlto,2,pl_a,2,24960496,24240065,0,0,1,0x5bc4c922
pgo_thinlto,2,pl_b,1,19332641,37464905,0,0,179797,0x3438b9f6
pgo_thinlto,2,pl_b,2,19293495,37464905,0,0,177738,0x3438b9f6
pgo_thinlto,2,pl_c,1,18754239,49500847,0,0,23,0xc1b92467
pgo_thinlto,2,pl_c,2,18753238,49500847,0,0,22,0xc1b92467
pgo_thinlto,2,pl_d,1,14116677,15625086,0,0,68465,0xdc085452
pgo_thinlto,2,pl_d,2,14132335,15625086,0,0,70313,0xdc085452
bolt_noreorder,2,pl_a,1,24960494,24240065,0,0,1,0x5bc4c922
bolt_noreorder,2,pl_a,2,24960496,24240065,0,0,1,0x5bc4c922
bolt_noreorder,2,pl_b,1,19301430,37464905,0,0,177846,0x3438b9f6
bolt_noreorder,2,pl_b,2,19344299,37464905,0,0,179692,0x3438b9f6
bolt_noreorder,2,pl_c,1,18754239,49500847,0,0,23,0xc1b92467
bolt_noreorder,2,pl_c,2,18753238,49500847,0,0,22,0xc1b92467
bolt_noreorder,2,pl_d,1,14103952,15625086,0,0,67497,0xdc085452
bolt_noreorder,2,pl_d,2,14132333,15625086,0,0,70313,0xdc085452
bolt,2,pl_a,1,24960494,24240065,0,0,1,0x5bc4c922
bolt,2,pl_a,2,24960496,24240065,0,0,1,0x5bc4c922
bolt,2,pl_b,1,19301685,37464905,0,0,177856,0x3438b9f6
bolt,2,pl_b,2,19293495,37464905,0,0,177738,0x3438b9f6
bolt,2,pl_c,1,18754239,49500847,0,0,23,0xc1b92467
bolt,2,pl_c,2,18753238,49500847,0,0,22,0xc1b92467
bolt,2,pl_d,1,14103950,15625086,0,0,67492,0xdc085452
bolt,2,pl_d,2,14132333,15625086,0,0,70313,0xdc085452
baseline,3,pl_a,1,25680496,25860047,0,0,2,0x5bc4c922
baseline,3,pl_a,2,25680496,25860047,0,0,2,0x5bc4c922
baseline,3,pl_b,1,30512954,44365285,0,0,292998,0x3438b9f6
baseline,3,pl_b,2,30512176,44365285,0,0,292970,0x3438b9f6
baseline,3,pl_c,1,18819341,46500866,0,0,23,0xc1b92467
baseline,3,pl_c,2,18818418,46500866,0,0,22,0xc1b92467
baseline,3,pl_d,1,14146955,15625086,0,0,66510,0xdc085452
baseline,3,pl_d,2,14139167,15625086,0,0,66408,0xdc085452
pgo,3,pl_a,1,24960490,24300063,0,0,1,0x5bc4c922
pgo,3,pl_a,2,24960495,24300063,0,0,1,0x5bc4c922
pgo,3,pl_b,1,19184137,37464905,0,0,175890,0x3438b9f6
pgo,3,pl_b,2,19174431,37464905,0,0,175789,0x3438b9f6
pgo,3,pl_c,1,18754240,49500847,0,0,23,0xc1b92467
pgo,3,pl_c,2,18753239,49500847,0,0,22,0xc1b92467
pgo,3,pl_d,1,14105145,15625086,0,0,66529,0xdc085452
pgo,3,pl_d,2,14114790,15625086,0,0,67388,0xdc085452
pgo_thinlto,3,pl_a,1,24960493,24240065,0,0,1,0x5bc4c922
pgo_thinlto,3,pl_a,2,24960496,24240065,0,0,1,0x5bc4c922
pgo_thinlto,3,pl_b,1,19332639,37464905,0,0,179797,0x3438b9f6
pgo_thinlto,3,pl_b,2,19344299,37464905,0,0,179692,0x3438b9f6
pgo_thinlto,3,pl_c,1,18754239,49500847,0,0,23,0xc1b92467
pgo_thinlto,3,pl_c,2,18753238,49500847,0,0,22,0xc1b92467
pgo_thinlto,3,pl_d,1,14106044,15625086,0,0,67500,0xdc085452
pgo_thinlto,3,pl_d,2,14132324,15625086,0,0,70312,0xdc085452
bolt_noreorder,3,pl_a,1,24960494,24240065,0,0,1,0x5bc4c922
bolt_noreorder,3,pl_a,2,24960496,24240065,0,0,1,0x5bc4c922
bolt_noreorder,3,pl_b,1,19301341,37464905,0,0,177842,0x3438b9f6
bolt_noreorder,3,pl_b,2,19344299,37464905,0,0,179692,0x3438b9f6
bolt_noreorder,3,pl_c,1,18754239,49500847,0,0,23,0xc1b92467
bolt_noreorder,3,pl_c,2,18753238,49500847,0,0,22,0xc1b92467
bolt_noreorder,3,pl_d,1,14140017,15625086,0,0,72360,0xdc085452
bolt_noreorder,3,pl_d,2,14139178,15625086,0,0,71292,0xdc085452
bolt,3,pl_a,1,24960494,24240065,0,0,1,0x5bc4c922
bolt,3,pl_a,2,24960496,24240065,0,0,1,0x5bc4c922
bolt,3,pl_b,1,19237046,37464905,0,0,175895,0x3438b9f6
bolt,3,pl_b,2,19229046,37464905,0,0,175785,0x3438b9f6
bolt,3,pl_c,1,18754239,49500847,0,0,23,0xc1b92467
bolt,3,pl_c,2,18753238,49500847,0,0,22,0xc1b92467
bolt,3,pl_d,1,14104075,15625086,0,0,67494,0xdc085452
bolt,3,pl_d,2,14132322,15625086,0,0,70312,0xdc085452
