variant,round,run,cycles,inst,l1i_refill,l1d_refill,br_mispred,taken
baseline,1,1,9191101,20484247,2,0,7347,0
baseline,1,2,9190812,20484247,2,0,7333,0
pgo,1,1,9218095,20485534,1,0,7566,0
pgo,1,2,9218131,20485534,1,0,7567,0
pgo_thinlto,1,1,9534155,15795012,145619,0,7456,0
pgo_thinlto,1,2,9534057,15795012,145623,0,7446,0
pgo_thinlto_bolt,1,1,8280898,15646639,6778,0,7821,0
pgo_thinlto_bolt,1,2,8280620,15646639,6703,0,7781,0
baseline,2,1,9191092,20484247,2,0,7347,0
baseline,2,2,9191089,20484247,2,0,7347,0
pgo,2,1,9218196,20485534,1,0,7567,0
pgo,2,2,9216710,20485534,0,0,7505,0
pgo_thinlto,2,1,9534017,15795012,145636,0,7442,0
pgo_thinlto,2,2,9532311,15795012,145589,0,7351,0
pgo_thinlto_bolt,2,1,8282847,15646639,6926,0,7863,0
pgo_thinlto_bolt,2,2,8281373,15646639,6638,0,7825,0
baseline,3,1,9191126,20484247,2,0,7347,0
baseline,3,2,9190851,20484247,2,0,7333,0
pgo,3,1,9218128,20485534,1,0,7567,0
pgo,3,2,9217183,20485534,2,0,7526,0
pgo_thinlto,3,1,9534285,15795012,145611,0,7462,0
pgo_thinlto,3,2,9532456,15795012,145610,0,7360,0
pgo_thinlto_bolt,3,1,8282252,15646639,6813,0,7859,0
pgo_thinlto_bolt,3,2,8280395,15646639,6754,0,7777,0
baseline,4,1,9190995,20484247,2,0,7341,0
baseline,4,2,9190779,20484247,2,0,7333,0
pgo,4,1,9218135,20485534,1,0,7567,0
pgo,4,2,9217772,20485534,1,0,7553,0
pgo_thinlto,4,1,9534262,15795012,145617,0,7454,0
pgo_thinlto,4,2,9533931,15795012,145612,0,7441,0
pgo_thinlto_bolt,4,1,8282842,15646639,6857,0,7870,0
pgo_thinlto_bolt,4,2,8281953,15646639,6754,0,7830,0
