variant,round,run,cycles,inst,l1i_refill,l1d_refill,br_mispred,taken,acc
baseline,1,1,9190907,20484247,2,0,7341,0,0xbe18251f
baseline,1,2,9191090,20484247,2,0,7347,0,0xbe18251f
pgo,1,1,9218140,20485534,1,0,7566,0,0xbe18251f
pgo,1,2,9217280,20485534,0,0,7530,0,0xbe18251f
pgo_thinlto,1,1,9534085,15795012,145617,0,7439,0,0xbe18251f
pgo_thinlto,1,2,9532155,15795012,145590,0,7346,0,0xbe18251f
bolt_noreorder,1,1,9727541,15796512,167123,0,7437,0,0xbe18251f
bolt_noreorder,1,2,9727887,15796512,167175,0,7450,0,0xbe18251f
bolt,1,1,8264043,15642020,5537,0,7731,0,0xbe18251f
bolt,1,2,8263544,15642020,5593,0,7715,0,0xbe18251f
baseline,2,1,9190983,20484247,2,0,7341,0,0xbe18251f
baseline,2,2,9190618,20484247,2,0,7325,0,0xbe18251f
pgo,2,1,9217810,20485534,1,0,7552,0,0xbe18251f
pgo,2,2,9217728,20485534,3,0,7551,0,0xbe18251f
pgo_thinlto,2,1,9533794,15795012,145611,0,7431,0,0xbe18251f
pgo_thinlto,2,2,9534034,15795012,145630,0,7450,0,0xbe18251f
bolt_noreorder,2,1,9727684,15796512,167153,0,7450,0,0xbe18251f
bolt_noreorder,2,2,9727778,15796512,167109,0,7456,0,0xbe18251f
bolt,2,1,8264807,15642020,5650,0,7758,0,0xbe18251f
bolt,2,2,8262114,15642020,5581,0,7650,0,0xbe18251f
baseline,3,1,9190968,20484247,2,0,7341,0,0xbe18251f
baseline,3,2,9190615,20484247,2,0,7325,0,0xbe18251f
pgo,3,1,9218827,20485534,1,0,7599,0,0xbe18251f
pgo,3,2,9217787,20485534,1,0,7552,0,0xbe18251f
pgo_thinlto,3,1,9534264,15795012,145639,0,7450,0,0xbe18251f
pgo_thinlto,3,2,9534224,15795012,145630,0,7453,0,0xbe18251f
bolt_noreorder,3,1,9727811,15796512,167134,0,7451,0,0xbe18251f
bolt_noreorder,3,2,9727698,15796512,167158,0,7442,0,0xbe18251f
bolt,3,1,8264470,15642020,5613,0,7736,0,0xbe18251f
bolt,3,2,8265035,15642020,5727,0,7751,0,0xbe18251f
