variant,round,run,cycles,inst,l1i_refill,l1d_refill,br_mispred
baseline,1,1,6102876,15007245,25,9,118
baseline,1,2,6102618,15007263,0,2,88
baseline,1,3,6102511,15007269,0,2,70
baseline,1,4,6102588,15007272,0,2,65
pgo,1,1,6102968,15007204,20,9,111
pgo,1,2,6102823,15007213,20,7,106
pgo,1,3,6102622,15007228,0,6,107
pgo,1,4,6102725,15007237,20,6,114
pgo_thinlto,1,1,4101551,10006948,7,3,98
pgo_thinlto,1,2,4101555,10006957,0,0,91
pgo_thinlto,1,3,4101471,10006963,0,0,68
pgo_thinlto,1,4,4101585,10006969,0,0,65
pgo_thinlto_bolt,1,1,4101599,10006881,9,3,93
pgo_thinlto_bolt,1,2,4101652,10006878,9,3,99
pgo_thinlto_bolt,1,3,4101669,10006881,9,1,89
pgo_thinlto_bolt,1,4,4101406,10006887,0,2,66
baseline,2,1,6102950,15007179,25,10,100
baseline,2,2,6102650,15007179,21,3,92
baseline,2,3,6102735,15007197,0,2,72
baseline,2,4,6102601,15007206,0,2,66
pgo,2,1,6102935,15007252,19,9,125
pgo,2,2,6102749,15007258,19,5,117
pgo,2,3,6102558,15007261,0,4,101
pgo,2,4,6102612,15007273,0,6,87
pgo_thinlto,2,1,4101642,10006882,6,3,92
pgo_thinlto,2,2,4101461,10006885,0,2,73
pgo_thinlto,2,3,4101480,10006888,0,2,56
pgo_thinlto,2,4,4101674,10006870,7,1,97
pgo_thinlto_bolt,2,1,4101542,10006926,7,3,105
pgo_thinlto_bolt,2,2,4101561,10006923,0,2,90
pgo_thinlto_bolt,2,3,4101526,10006911,9,3,103
pgo_thinlto_bolt,2,4,4101482,10006914,0,3,75
baseline,3,1,6102799,15007173,25,9,99
baseline,3,2,6102715,15007173,25,6,104
baseline,3,3,6102622,15007170,27,5,103
baseline,3,4,6102530,15007182,0,6,75
pgo,3,1,6102867,15007228,20,9,119
pgo,3,2,6102879,15007234,20,6,132
pgo,3,3,6102758,15007252,0,6,104
pgo,3,4,6102652,15007246,20,7,120
pgo_thinlto,3,1,4101465,10006930,7,2,113
pgo_thinlto,3,2,4101493,10006948,0,1,95
pgo_thinlto,3,3,4101523,10006942,7,3,95
pgo_thinlto,3,4,4101592,10006963,0,1,75
pgo_thinlto_bolt,3,1,4101708,10006878,8,3,97
pgo_thinlto_bolt,3,2,4101693,10006878,9,3,96
pgo_thinlto_bolt,3,3,4101554,10006875,10,1,105
pgo_thinlto_bolt,3,4,4101481,10006893,0,2,77
baseline,4,1,6102817,15007245,25,9,118
baseline,4,2,6102369,15007257,0,6,89
baseline,4,3,6102527,15007266,0,6,73
baseline,4,4,6102559,15007269,0,4,69
pgo,4,1,6102948,15007198,19,9,110
pgo,4,2,6102728,15007213,0,4,102
pgo,4,3,6102867,15007219,20,6,121
pgo,4,4,6102684,15007237,0,6,107
pgo_thinlto,4,1,4101579,10006936,7,2,108
pgo_thinlto,4,2,4101636,10006936,7,1,111
pgo_thinlto,4,3,4101413,10006939,0,0,89
pgo_thinlto,4,4,4101491,10006942,0,2,66
pgo_thinlto_bolt,4,1,4101668,10006875,7,3,100
pgo_thinlto_bolt,4,2,4101460,10006887,0,0,70
pgo_thinlto_bolt,4,3,4101377,10006890,0,0,51
pgo_thinlto_bolt,4,4,4101451,10006893,0,0,55
baseline,5,1,6102891,15007173,25,8,106
baseline,5,2,6102673,15007179,25,8,93
baseline,5,3,6102595,15007197,0,4,84
baseline,5,4,6102619,15007185,28,3,101
pgo,5,1,6102921,15007255,19,9,128
pgo,5,2,6103015,15007261,19,5,125
pgo,5,3,6102760,15007261,19,8,114
pgo,5,4,6102758,15007276,0,6,89
pgo_thinlto,5,1,4101652,10006936,7,3,104
pgo_thinlto,5,2,4101643,10006936,6,3,121
pgo_thinlto,5,3,4101466,10006948,0,2,93
pgo_thinlto,5,4,4101448,10006960,0,0,65
pgo_thinlto_bolt,5,1,4101654,10006893,7,3,102
pgo_thinlto_bolt,5,2,4101525,10006878,10,3,100
pgo_thinlto_bolt,5,3,4101564,10006899,0,0,68
pgo_thinlto_bolt,5,4,4101701,10006884,10,3,94
